<?xml version="1.0" encoding="UTF-8"?>
<project-private xmlns="http://www.netbeans.org/ns/project-private/1">
    <editor-bookmarks xmlns="http://www.netbeans.org/ns/editor-bookmarks/2" lastBookmarkId="0"/>
    <open-files xmlns="http://www.netbeans.org/ns/projectui-open-files/2">
        <group>
            <file>file:/C:/Users/seba2/Desktop/GitHub/P2-OBL2/parking/src/dominio/Empleado.java</file>
            <file>file:/C:/Users/seba2/Desktop/GitHub/P2-OBL2/parking/src/dominio/Sistema.java</file>
            <file>file:/C:/Users/seba2/Desktop/GitHub/P2-OBL2/parking/src/interfaz/variosReportes.java</file>
            <file>file:/C:/Users/seba2/Desktop/GitHub/P2-OBL2/parking/src/interfaz/movimientosEntradas.java</file>
            <file>file:/C:/Users/seba2/Desktop/GitHub/P2-OBL2/parking/src/interfaz/movimientosSalidas.java</file>
            <file>file:/C:/Users/seba2/Desktop/GitHub/P2-OBL2/parking/src/dominio/Historial.java</file>
            <file>file:/C:/Users/seba2/Desktop/GitHub/P2-OBL2/parking/src/dominio/Servicio.java</file>
            <file>file:/C:/Users/seba2/Desktop/GitHub/P2-OBL2/parking/src/dominio/Movimiento.java</file>
            <file>file:/C:/Users/seba2/Desktop/GitHub/P2-OBL2/parking/src/dominio/Vehiculo.java</file>
            <file>file:/C:/Users/seba2/Desktop/GitHub/P2-OBL2/parking/src/dominio/Persistencia.java</file>
        </group>
    </open-files>
</project-private>
